<?xml version="1.0" encoding="UTF-8" standalone="no"?>

<!-- $Revision: 1.2 $ -->


<DEVICE id="secuibluemax" name="secuibluemax" title="secuibluemax">
   <FORM_FIELD id="syslog" title="Syslog" type="fieldset"/>
	<DATA_COLLECTION prompt=".*#"  more_prompt="^\s*-+\s*[Mm]ore\s*-+\s*$" privileged_prompt=".*#">
		<COMMANDS_SEQUENCE>
			<!--Interface-->
			<CMD id="1" command="conf"  save_output="no"/>
			<CMD id="2" command="interface" save_output="no" />
			<CMD id="3" command="show" use_listener="yes" save_output="yes" />
			<CMD id="4" command="cancel" save_output="no" />
			
			<!--HostObject-->
			<CMD id="5" command="conf"  save_output="no"/>
			<CMD id="6" command="obj" save_output="no" />
			<CMD id="7" command="show host" use_listener="yes" save_output="yes" />
			<CMD id="8" command="cancel" save_output="no" />

			<!--NetworkObject-->
			<CMD id="9" command="conf"  save_output="no"/>
			<CMD id="10" command="obj" save_output="no" />
			<CMD id="11" command="show net" use_listener="yes" save_output="yes" />
			<CMD id="12" command="cancel" save_output="no" />			
			
			<!--FqdnObject-->
			<CMD id="13" command="conf"  save_output="no"/>
			<CMD id="14" command="obj" save_output="no" />
			<CMD id="15" command="show domain" use_listener="yes" save_output="yes" />
			<CMD id="16" command="cancel" save_output="no" />
			
			<!--Network Group Object-->
			<CMD id="17" command="conf"  save_output="no"/>
			<CMD id="18" command="obj" save_output="no" />
			<CMD id="19" command="show group" use_listener="yes" save_output="yes" />
			<CMD id="20" command="cancel" save_output="no" />
			
			<!--ServiceObject-->
			<CMD id="21" command="conf"  save_output="no"/>
			<CMD id="22" command="obj" save_output="no" />
			<CMD id="23" command="show service" use_listener="yes" save_output="yes" />
			<CMD id="24" command="cancel" save_output="no" />
			
			<!--ServiceObjectGroup-->
			<CMD id="25" command="conf"  save_output="no"/>
			<CMD id="26" command="obj" save_output="no" />
			<CMD id="27" command="show service_group" use_listener="yes" save_output="yes" />
			<CMD id="28" command="cancel" save_output="no" />
			
			<!--TimeObject-->
			<CMD id="29" command="conf"  save_output="no"/>
			<CMD id="30" command="obj" save_output="no" />
			<CMD id="31" command="show time" use_listener="yes" save_output="yes" />
			<CMD id="32" command="cancel" save_output="no" />
			
			<!--Rule-->
			<CMD id="33" command="conf"  save_output="no"/>
			<CMD id="34" command="fw" save_output="no" />
			<CMD id="35" command="show" use_listener="yes" save_output="yes" />
			<CMD id="36" command="cancel" save_output="no" />


			<!--Route-->
			<CMD id="37" command="conf"  save_output="no"/>
			<CMD id="38" command="router" save_output="no" />
			<CMD id="39" command="show ip route" use_listener="yes" save_output="yes" />
			<CMD id="40" command="cancel" save_output="no" />
			
		</COMMANDS_SEQUENCE>
		<EXIT_COMMAND command="exit"/>
	</DATA_COLLECTION> 

	<DIFF context_lines="9"/>
	<FEATURES>
		<FEATURE name="full"/> <!-- ### DO NOT MODIFY ### -->
		<FEATURE name="topology" script="gen2urt"/> <!-- ### DO NOT MODIFY ### -->
		<FEATURE name="rules" script="gen_rules"/> <!-- ### DO NOT MODIFY ### -->
		<FEATURE name="queries" script="/parse/createExpandedRules" invocation="metro"/> <!-- ### DO NOT MODIFY ### -->
		<FEATURE name="parser" script="java -Xss4m -jar /usr/share/fa/bin/secui.bluemax.v102.jar" invocation="json_producer"  />
		<FEATURE name="monitor_change_by"/>
		<FEATURE name="change"/>
		<FEATURE name="nat_on_fip"/>
		<FEATURE name="change_history"/>
		<FEATURE name="baseline_compliance"/>
		<FEATURE name="time_clause_parsing"/>
		<FEATURE name="regulatory_compliance"/>
		<FEATURE name="log_analysis"/>
		<FEATURE name="risks"/>
		<FEATURE name="changes_special_objects" />
		<FEATURE name="optimize_policy"/>
		<FEATURE name="optimize"/>
		<FEATURE name="policy"/>
		<FEATURE name="objects_support"/>
		<FEATURE name="audit_logs" override_customized="yes"/>
	</FEATURES>

	<QUERY_FIELDS>
		<FIELD name="name" enable="yes" display_name="name" link_to_def="yes"/>
		<FIELD name="source" enable="yes" display_name="source IP"/>
		<FIELD name="destination" enable="yes" display_name="destination IP"/>
		<FIELD name="service" enable="yes" display_name="service"/>
		<FIELD name="action" enable="yes" display_name="Action"/>
		<FIELD name="comment" enable="yes" display_name="comment"/>
		<FIELD name="log" enable="no" display_name="log"/>
		<FIELD name="documentation" enable="yes" display_name="documentation"/>
	</QUERY_FIELDS>

	<UI_RULE_FIELDS>
		<FIELD calc_changes="false" display_in_changes="true" db_name="RULENUM" display_name="Rule #" order="1"/>
		<FIELD calc_changes="true" display_in_changes="true" db_name="RULE_ID" display_name="Rule ID" order="2"/>
		<FIELD calc_changes="true" display_in_changes="true" db_name="SOURCE" display_name="Source" order="3"/>
		<FIELD calc_changes="true" display_in_changes="true" db_name="DESTINATION" display_name="Destination" order="4"/>
		<FIELD calc_changes="true" display_in_changes="true" db_name="SERVICE" display_name="Service" order="5"/>
		<FIELD calc_changes="true" display_in_changes="true" db_name="ACTION" display_name="Allow / Deny" order="6"/>
		<FIELD calc_changes="true" display_in_changes="true" db_name="LOG" display_name="LOG" order="7"/>
	</UI_RULE_FIELDS>
 

	<VENDOR_PROPERTIES>   
		<PROPERTY name="brand_suffix" value="secuibluemax"/>
		<PROPERTY name="rules_structure" value="unified"/> 		<!-- 20181016 Changed  <PROPERTY name="rules_structure" value="edge"/> -->
		<PROPERTY name="use_config_parser_json" value="yes"/> 	<!-- 20181016 Added --> 
		<PROPERTY name="time_clause_field" value="schedule"/> 	<!-- 20181016 Changed <PROPERTY name="time_clause_field" value="expiring:name"/> --> 
		<PROPERTY name="action_fields" value="action,log,schedule"/>
		<PROPERTY name="allow_edit_work_order" value="yes"/>
		<PROPERTY name="fw_type" value="GEN"/> 					<!-- ### DO NOT MODIFY ### -->
		<PROPERTY name="is_direct" value="yes"/>
		<PROPERTY name="any_object_name" value="Any"/> 
		<PROPERTY name="any_service_object_name" value="Any"/>
		<PROPERTY name="gateway_NAT_rules" value="yes"/> 		<!-- ### KEEP IF BRAND HAS SEPARATE NAT POLICY ### -->
   </VENDOR_PROPERTIES>
</DEVICE>
